date_time,members1,members2,members3,holiday,totalsales,nop
2020/1/1,8737,0,0,1,164101892.7,221758
2020/1/2,13921,0,0,1,299349472.0,467468
2020/1/3,19134,0,0,1,447756935.0,711196
2020/1/4,24809,0,0,1,609309649.7,959211
2020/1/5,30631,0,0,1,808572944.7,1231410
2020/1/6,36268,0,0,1,1011325854.0,1479323
2020/1/7,41885,0,0,1,1190055563.0,1748532
2020/1/8,38945,0,0,0,1224769118.0,1810502
2020/1/9,40498,0,0,0,1258282900.0,1848478
2020/1/10,41851,0,0,0,1326830874.0,1886838
2020/1/11,43185,0,0,0,1421240393.0,1909354
2020/1/12,44206,0,0,0,1432364106.0,1910593
2020/1/13,44911,0,0,0,1435547863.0,1936552
2020/1/14,45560,0,0,0,1449484623.0,1947318
2020/1/15,46035,0,0,0,1452892773.0,1953768
2020/1/16,46007,0,0,0,1477894145.0,1960998
2020/1/17,48104,0,0,0,1454240317.0,1965549
2020/1/18,50397,0,0,0,1393214253.0,1982003
2020/1/19,52370,0,0,0,1394134506.0,1988304
2020/1/20,54914,0,0,0,1373182174.0,1998641
2020/1/21,57388,0,0,0,1351222347.0,2000183
2020/1/22,60248,0,0,0,1346410452.0,1985277
2020/1/23,62638,0,0,0,1339549935.0,1951644
2020/1/24,61762,0,0,1,1293423179.0,1843926
2020/1/25,58506,0,0,2,1197305824.0,1694508
2020/1/26,56085,1,0,3,1107452026.0,1574624
2020/1/27,52454,1,0,4,1086901685.0,1435979
2020/1/28,48652,1,0,5,1065974011.0,1283447
2020/1/29,44361,1,0,6,1022848204.0,1121792
2020/1/30,40015,1,0,7,1003463811.0,968203
2020/1/31,36795,1,0,7,1023436529.0,887701
2020/2/1,33342,1,0,6,1058386317.0,840473
2020/2/2,29409,0,0,5,1057799872.0,771459
2020/2/3,26185,0,0,4,1815079305.0,694860
2020/2/4,22956,0,0,3,1745249985.0,623100
2020/2/5,19773,0,0,2,1669475498.0,562325
2020/2/6,16408,0,0,1,1572319664.0,502784
2020/2/7,13400,0,0,0,1473653529.0,447448
2020/2/8,12238,0,0,0,1401729335.0,401164
2020/2/9,11310,0,0,0,1329382612.0,363439
2020/2/10,10713,0,0,0,461305427.0,331628
2020/2/11,10094,0,0,0,420363834.4,302691
2020/2/12,9663,0,0,0,382122559.3,278179
2020/2/13,9434,0,0,0,348850691.3,259815
2020/2/14,8917,0,0,0,324453961.6,239509
2020/2/15,8590,0,0,0,296495900.9,222488
2020/2/16,8208,0,0,0,280457000.7,201791
2020/2/17,7851,0,0,0,611660010.0,190720
2020/2/18,7706,0,0,0,1108540736.0,185597
2020/2/19,7600,0,0,0,1597417668.0,183840
2020/2/20,7667,0,0,0,1802203707.0,183219
2020/2/21,7782,0,0,0,2034811991.0,188060
2020/2/22,7991,0,0,0,2039887738.0,190738
2020/2/23,8136,0,0,0,2044171193.0,193686
2020/2/24,8283,0,0,0,1692823691.0,198493
2020/2/25,8554,0,0,0,1579454465.0,204555
2020/2/26,8838,0,0,0,1099469102.0,211175
2020/2/27,8946,0,0,0,954336170.5,215772
2020/2/28,9314,0,0,0,707305744.1,223606
2020/2/29,9444,0,0,0,873209702.1,229770
2020/3/1,9538,0,0,0,887474570.3,239174
2020/3/2,9633,0,0,0,912971194.1,244759
2020/3/3,9648,0,0,0,548835803.9,247831
2020/3/4,9356,0,0,0,746385570.9,246758
2020/3/5,9248,0,0,0,693614104.3,246908
2020/3/6,9057,0,0,0,731363458.3,244345
2020/3/7,8877,0,0,0,574756172.6,240824
2020/3/8,8624,0,0,0,573295489.7,230692
2020/3/9,8398,0,0,0,565097482.9,224020
2020/3/10,8316,0,0,0,548740764.4,221738
2020/3/11,8195,0,0,0,338833427.9,219714
2020/3/12,8053,0,0,0,328988636.1,219443
2020/3/13,7991,0,0,0,287053747.1,218148
2020/3/14,7954,0,0,0,261890069.3,220727
2020/3/15,8197,0,0,0,220729317.1,226274
2020/3/16,8488,0,0,0,198745334.2,230636
2020/3/17,8498,0,0,0,167410794.1,229087
2020/3/18,8471,0,0,0,147456795.5,228101
2020/3/19,8397,0,0,0,123725125.0,224184
2020/3/20,8296,0,0,0,511163580.8,221907
2020/3/21,8203,0,0,0,498268701.3,214838
2020/3/22,7922,0,0,0,507682622.7,205414
2020/3/23,7181,0,0,0,486114079.1,192670
2020/3/24,6497,0,0,0,483782522.7,183903
2020/3/25,6029,0,0,0,481141487.5,175713
2020/3/26,5502,0,0,0,479194076.2,170327
2020/3/27,4826,0,0,0,70532637.94,161661
2020/3/28,4199,0,0,0,69821532.77,154045
2020/3/29,3601,0,0,0,57815505.6,148077
2020/3/30,3391,0,0,0,57793684.74,147143
2020/3/31,3539,0,0,0,55611242.19,153044
2020/4/1,3405,0,0,0,49593549.42,151624
2020/4/2,3290,0,0,0,43753262.25,149055
2020/4/3,3185,0,0,0,46213356.83,149606
2020/4/4,2961,0,0,1,38362446.5,142488
2020/4/5,2803,0,0,2,45805985.42,133147
2020/4/6,2750,0,0,3,51117332.23,135467
2020/4/7,2480,0,0,3,46917879.61,129542
2020/4/8,2586,0,0,3,46194160.12,132624
2020/4/9,2588,0,0,3,48023532.36,132393
2020/4/10,2639,0,0,3,45036946.28,133546
2020/4/11,2729,0,0,2,46401574.73,139013
2020/4/12,2759,0,0,1,37730796.52,144674
2020/4/13,2700,0,0,0,28759635.43,138836
2020/4/14,2703,0,0,0,29653659.51,135380
2020/4/15,2571,0,0,0,26732754.53,133226
2020/4/16,2512,0,0,0,24645332.93,131397
2020/4/17,2436,0,0,0,28732667.31,126823
2020/4/18,2364,0,0,0,29727346.15,123642
2020/4/19,2354,0,0,0,27347348.7,120804
2020/4/20,2371,0,0,0,26510111.51,122101
2020/4/21,2336,0,0,0,26776226.99,121741
2020/4/22,2300,0,0,0,27970314.85,117837
2020/4/23,2301,0,0,0,28406697.65,116959
2020/4/24,2333,0,0,0,24335003.5,116870
2020/4/25,2419,0,0,0,23658175.0,119719
2020/4/26,2457,0,0,0,44753990.09,119852
2020/4/27,2466,0,0,0,44999416.59,119240
2020/4/28,2541,0,0,0,339818015.1,122975
2020/4/29,2623,0,0,0,338231191.6,129643
2020/4/30,2867,0,0,0,340126255.9,150891
2020/5/1,3013,0,0,1,339516057.1,167854
2020/5/2,3079,0,0,2,338564962.8,174255
2020/5/3,3105,0,0,3,319870571.0,181154
2020/5/4,3184,0,0,4,319991099.5,190263
2020/5/5,3328,0,0,5,24485113.64,211992
2020/5/6,3432,0,0,5,23980472.02,229104
2020/5/7,3372,0,0,5,21550955.82,234790
2020/5/8,3392,0,0,4,23138923.83,243045
2020/5/9,3535,0,0,3,23904936.63,261579
2020/5/10,3793,0,0,2,23792651.05,288206
2020/5/11,3939,0,0,1,23819402.1,314746
2020/5/12,4059,0,0,0,24336425.95,327677
2020/5/13,4166,0,0,0,28501389.8,342889
2020/5/14,4310,0,0,0,30119524.3,355214
2020/5/15,4386,0,0,0,30995667.96,369134
2020/5/16,4496,0,0,0,31739155.57,376052
2020/5/17,4538,0,0,0,31462770.54,376108
2020/5/18,4568,0,0,0,32232062.93,374932
2020/5/19,4609,0,0,0,35105694.98,381462
2020/5/20,4760,0,0,0,34238422.75,390978
2020/5/21,4876,0,0,0,36149073.38,395898
2020/5/22,5014,0,0,0,37011008.64,401082
2020/5/23,5052,0,0,0,36743358.11,401265
2020/5/24,5148,0,0,0,36309591.7,405054
2020/5/25,5330,0,0,0,37022085.56,413166
2020/5/26,5381,0,0,0,35566440.75,413664
2020/5/27,5437,0,0,0,35683778.8,416496
2020/5/28,5533,0,0,0,34862710.76,426711
2020/5/29,5849,0,0,0,34748529.9,443110
2020/5/30,6048,0,0,0,36476688.98,454603
2020/5/31,6134,0,0,0,39272926.06,462874
2020/6/1,6398,0,0,0,42517595.39,476449
2020/6/2,7859,0,1,0,43614083.64,493589
2020/6/3,8494,0,1,0,44013784.42,510265
2020/6/4,9312,0,1,0,44203224.94,524819
2020/6/5,10174,0,1,0,66339517.77,540472
2020/6/6,10960,0,1,0,65692572.3,551835
2020/6/7,11984,0,1,0,66338003.43,573478
2020/6/8,12485,0,1,0,264221393.9,590792
2020/6/9,12072,0,0,0,265568300.9,604343
2020/6/10,12535,0,0,0,266213765.1,623380
2020/6/11,12079,0,0,0,265879362.6,637320
2020/6/12,11596,0,0,0,247078911.8,651669
2020/6/13,11313,0,0,0,249877647.9,663674
2020/6/14,10741,0,0,0,252036958.2,661411
2020/6/15,10154,0,0,0,52200348.77,624981
2020/6/16,9123,0,0,0,48445143.24,573103
2020/6/17,7767,0,0,0,47120024.42,495755
2020/6/18,6835,0,0,0,49656188.48,409671
2020/6/19,5631,0,0,0,46774282.83,312222
2020/6/20,4433,0,0,0,43597341.19,237548
2020/6/21,3352,0,0,0,38973131.78,166034
2020/6/22,2660,0,0,0,36784172.63,119992
2020/6/23,2197,0,0,0,36762697.32,91342
2020/6/24,2043,0,0,0,37182611.18,81997
2020/6/25,2024,0,0,1,32484459.91,80896
2020/6/26,2091,0,0,2,33004063.2,80241
2020/6/27,2225,0,0,3,30604475.64,84797
2020/6/28,2263,0,0,3,35799999.28,86982
2020/6/29,2289,0,0,3,37162095.51,91422
2020/6/30,2319,0,0,3,46614730.41,93597
2020/7/1,2215,0,0,3,42225573.27,91798
2020/7/2,2243,0,0,2,40906460.17,95921
2020/7/3,2413,0,0,1,37109032.29,104798
2020/7/4,2453,0,0,0,36841417.67,108861
2020/7/5,2647,0,0,0,29494405.42,119602
2020/7/6,2802,0,0,0,28992742.56,130165
2020/7/7,2911,0,0,0,19826343.52,142679
2020/7/8,3109,0,0,0,20550649.03,158171
2020/7/9,3392,0,0,0,45762002.06,176709
2020/7/10,3458,0,0,0,56295857.98,198508
2020/7/11,3673,0,0,0,57366873.08,219465
2020/7/12,3795,0,0,0,59584431.26,241723
2020/7/13,3958,0,0,0,2721416403.0,264526
2020/7/14,4172,0,0,0,2730746088.0,287276
2020/7/15,4449,0,0,0,2731903244.0,312757
2020/7/16,4750,0,0,0,2709855074.0,339072
2020/7/17,5129,0,0,0,2702282526.0,365069
2020/7/18,5512,0,0,0,2701966774.0,386601
2020/7/19,5942,0,0,0,2701513490.0,407723
2020/7/20,6198,0,0,0,38079075.24,431261
2020/7/21,6557,0,0,0,450520962.3,456589
2020/7/22,6848,0,0,0,451726117.0,480373
2020/7/23,7090,0,0,0,459313633.5,504217
2020/7/24,7357,0,0,0,458095799.6,527979
2020/7/25,7756,0,0,0,459219644.9,548121
2020/7/26,7984,0,0,0,461927888.3,568002
2020/7/27,8282,0,0,0,462973163.1,583927
2020/7/28,8530,0,0,0,42665237.97,599724
2020/7/29,8690,0,0,0,42750867.4,613569
2020/7/30,9018,0,0,0,36165897.98,628133
2020/7/31,9381,0,0,0,38540041.09,638202
2020/8/1,9485,0,0,0,49045597.92,650044
2020/8/2,9654,0,0,0,47258428.5,661961
2020/8/3,10006,0,0,0,98219878.2,671323
2020/8/4,10381,0,0,0,99599626.39,672848
2020/8/5,11253,0,0,0,100633020.0,678161
2020/8/6,11638,0,0,0,100390279.0,681141
2020/8/7,12505,0,0,0,109706925.8,697608
2020/8/8,12965,0,0,0,104970305.2,707890
2020/8/9,13681,0,0,0,105813169.7,723668
2020/8/10,14192,0,0,0,284690585.1,740357
2020/8/11,14523,0,0,0,285189408.7,758296
2020/8/12,14643,0,0,0,284639689.0,741081
2020/8/13,14632,0,0,0,286661476.7,762579
2020/8/14,13966,0,0,0,276903106.7,776632
2020/8/15,14044,0,0,0,274273816.0,791881
2020/8/16,14063,0,0,0,273915768.9,800816
2020/8/17,13699,0,0,0,113116495.8,812123
2020/8/18,13680,0,0,0,111922079.5,818824
2020/8/19,13893,0,0,0,166405706.4,859565
2020/8/20,14366,0,0,0,165458695.6,867185
2020/8/21,14964,0,0,0,166124497.7,872786
2020/8/22,15084,0,0,0,164350584.1,874320
2020/8/23,15410,0,0,0,164077383.2,879284
2020/8/24,15736,0,0,0,98123223.58,883293
2020/8/25,15501,0,0,0,1576896990.0,885591
2020/8/26,15038,0,0,0,1524374695.0,889826
2020/8/27,14846,0,0,0,1525183559.0,882289
2020/8/28,14591,0,0,0,1568857145.0,872210
2020/8/29,14630,0,0,0,1568877087.0,869466
2020/8/30,14408,0,0,0,1574108386.0,860438
2020/8/31,14048,0,0,0,1574717298.0,848652
2020/9/1,13974,0,0,0,96266854.81,830044
2020/9/2,13787,0,0,0,94479504.58,814955
2020/9/3,13456,0,0,0,92638804.24,813283
2020/9/4,13589,0,0,0,48967621.27,820842
2020/9/5,13490,0,0,0,50100090.24,822277
2020/9/6,13511,0,0,0,53156846.23,830120
2020/9/7,13614,0,0,0,56208048.52,835987
2020/9/8,13759,0,0,0,56783144.86,849286
2020/9/9,14249,0,0,0,61276480.34,870010
2020/9/10,14839,0,0,0,63048629.21,885172
2020/9/11,14976,0,0,0,62035721.24,894196
2020/9/12,14996,0,0,0,62540368.9,903097
2020/9/13,15081,0,0,0,56061172.98,912089
2020/9/14,15301,0,0,0,53167560.47,924200
2020/9/15,15570,0,0,0,53280832.99,936329
2020/9/16,15302,0,0,0,50400070.63,945799
2020/9/17,15420,0,0,0,70280054.56,952791
2020/9/18,15509,0,0,0,74495419.71,958951
2020/9/19,13372,0,0,0,77598488.11,963285
2020/9/20,13834,0,0,0,79456585.31,968982
2020/9/21,0,0,0,0,79564595.07,973108
2020/9/22,0,0,0,0,89526836.46,979490
2020/9/23,11880,0,0,0,91154175.23,976654
2020/9/24,0,0,0,0,74056069.65,977418
2020/9/25,0,0,0,0,271091390.2,974444
2020/9/26,0,0,0,0,269041214.5,981170
2020/9/27,9825,0,0,0,267142804.5,977321
2020/9/28,0,0,0,0,1210978315.0,973772
2020/9/29,0,0,0,0,1208743395.0,976752
2020/9/30,7838,0,0,0,1211322786.0,981960
2020/10/1,5363,0,0,1,1209848616.0,988717
2020/10/2,0,0,0,2,1010109311.0,982253
2020/10/3,2881,0,0,3,1011143533.0,982949
2020/10/4,2879,0,0,4,1010399536.0,985874
2020/10/5,12,0,0,5,66816090.49,995879
2020/10/6,13,0,0,6,59643894.35,1003356
2020/10/7,11,0,0,7,56705902.5,1005063
2020/10/8,11,0,0,7,64907854.69,1009085
2020/10/9,10,0,0,6,319020994.3,1006481
2020/10/10,0,0,0,5,315095409.7,998716
2020/10/11,0,0,0,4,322755487.3,1002178
2020/10/12,0,0,0,3,321907327.1,999574
2020/10/13,0,0,0,2,321285789.1,986730
2020/10/14,0,0,0,1,321742806.6,981453
2020/10/15,0,0,0,0,316185339.0,975356
2020/10/16,0,0,0,0,64132976.07,994068
2020/10/17,0,0,0,0,67510810.79,1000385
2020/10/18,0,0,0,0,69611294.75,1002028
2020/10/19,1946,0,0,0,85233196.97,1006873
2020/10/20,3889,0,0,0,86613806.26,1019466
2020/10/21,5868,0,0,0,85906261.73,1025575
2020/10/22,7987,0,0,0,86951478.68,1026629
2020/10/23,10359,0,0,0,91890079.49,1029484
2020/10/24,12571,0,0,0,91702996.34,1025805
2020/10/25,15029,0,0,0,85191915.58,1022386
2020/10/26,14994,0,0,0,69395150.33,1012402
2020/10/27,14971,0,0,0,98113543.65,1004486
2020/10/28,14864,0,0,0,98042679.13,997645
2020/10/29,14815,0,0,0,94822798.15,989274
2020/10/30,14549,0,0,0,99127335.27,980583
2020/10/31,14564,0,0,0,106477721.7,979753
2020/11/1,14318,0,0,0,108185254.6,975495
2020/11/2,14059,0,0,0,154524391.6,970243
2020/11/3,13834,0,0,0,125378987.3,966391
2020/11/4,13550,0,0,0,126942457.8,963001
2020/11/5,13341,0,0,0,132907190.7,964034
2020/11/6,13153,0,0,0,125118864.0,963063
2020/11/7,12805,0,0,0,121392998.0,960580
2020/11/8,12737,0,0,0,118763582.9,965760
2020/11/9,12663,0,0,0,72724059.76,972436
2020/11/10,12542,0,0,0,73362904.5,975945
2020/11/11,12590,0,0,0,160646644.8,977191
2020/11/12,12500,0,0,0,152539470.5,975139
2020/11/13,12282,0,0,0,281214039.5,973419
2020/11/14,12387,0,0,0,277772765.3,971679
2020/11/15,12496,0,0,0,278629367.8,967505
2020/11/16,12680,0,0,0,278831851.0,964253
2020/11/17,12713,0,0,0,305043619.8,961032
2020/11/18,12724,0,0,0,214435872.8,957893
2020/11/19,12608,0,0,0,216619227.9,950513
2020/11/20,12818,0,0,0,92720591.55,948669
2020/11/21,12839,0,0,0,95185718.59,944952
2020/11/22,12632,0,0,0,95591660.44,946352
2020/11/23,12561,0,0,0,97760716.8,945794
2020/11/24,13117,0,0,0,79319896.42,944357
2020/11/25,13473,0,0,0,80445708.41,949457
2020/11/26,13684,0,0,0,87269304.03,954223
2020/11/27,13764,0,0,0,81538609.3,956436
2020/11/28,13757,0,0,0,79664345.07,952858
2020/11/29,13813,0,0,0,78906836.87,942068
2020/11/30,13701,0,0,0,77419037.17,935198
2020/12/1,13008,0,0,0,82599614.86,926158
2020/12/2,12460,0,0,0,82004678.69,910714
2020/12/3,12212,0,0,0,76380943.07,900789
2020/12/4,11933,0,0,0,79515806.22,892349
2020/12/5,11444,0,0,0,82364626.99,884318
2020/12/6,11099,0,0,0,95287305.12,879900
2020/12/7,10901,0,0,0,96114300.78,879313
2020/12/8,10864,0,0,0,82926787.08,881688
2020/12/9,10866,0,0,0,100334867.5,887042
2020/12/10,10875,0,0,0,123195541.5,890221
2020/12/11,10747,0,0,0,118867036.9,888150
2020/12/12,10954,0,0,0,126779975.1,890951
2020/12/13,10947,0,0,0,114569384.4,890949
2020/12/14,10998,0,0,0,114406195.5,887030
2020/12/15,11021,0,0,0,118108282.9,887860
2020/12/16,11046,0,0,0,106048296.8,891771
2020/12/17,11155,0,0,0,124711194.0,895376
2020/12/18,11406,0,0,0,124011360.2,901931
2020/12/19,11704,0,0,0,115894858.1,909393
2020/12/20,12099,0,0,0,115541575.1,914733
2020/12/21,12280,0,0,0,115503088.0,911122
2020/12/22,12397,0,0,0,113761888.1,903151
2020/12/23,12595,0,0,0,111854153.5,890108
2020/12/24,12582,0,0,0,69750954.45,874944
2020/12/25,12581,0,0,0,74112717.81,850094
2020/12/26,12538,0,0,0,68792408.92,827543
2020/12/27,12563,0,0,0,69739883.23,798517
2020/12/28,12674,0,0,0,70289737.09,764728
2020/12/29,12674,0,0,0,196480427.1,725655
2020/12/30,12602,0,0,0,317921948.0,682718
2020/12/31,12709,0,0,0,317261659.2,654714
2021/1/1,12559,0,0,1,307493297.5,596690
2021/1/2,12050,0,0,2,303888889.1,551215
2021/1/3,11211,0,0,3,297432994.2,526123
2021/1/4,10581,0,0,3,290571269.4,508447
2021/1/5,9953,0,0,3,158238923.1,490019
2021/1/6,9425,0,0,3,32629788.19,470810
2021/1/7,8845,0,0,3,34115816.02,439576
2021/1/8,8373,0,0,2,43548476.51,444085
2021/1/9,8372,0,0,1,43593903.35,447091
2021/1/10,8215,0,0,0,44351106.05,431231
2021/1/11,8097,0,0,0,47357156.26,416792
2021/1/12,8155,0,0,0,60504581.3,411372
2021/1/13,8090,0,0,0,62537499.14,407552
2021/1/14,8087,0,0,0,61175668.97,400268
2021/1/15,8115,0,0,0,53324505.98,394558
2021/1/16,7703,0,0,0,54616622.33,385993
2021/1/17,7435,0,0,0,55852036.02,375666
2021/1/18,7254,0,0,0,66818064.36,368395
2021/1/19,7095,0,0,0,73816261.47,360341
2021/1/20,6957,0,0,0,71167495.18,356039
2021/1/21,6625,0,0,0,67664613.25,352060
2021/1/22,6419,0,0,0,70793418.63,349037
2021/1/23,6390,0,0,0,77393439.88,345839
2021/1/24,6404,0,0,0,76807117.06,344005
2021/1/25,6387,0,0,0,221764748.6,342033
2021/1/26,6343,0,0,0,203621215.8,344917
2021/1/27,6502,0,0,0,204600060.6,352266
2021/1/28,6273,0,0,0,207951247.5,337287
2021/1/29,5948,0,0,0,237928231.5,317884
2021/1/30,5690,0,0,0,232990558.7,303966
2021/1/31,5483,0,0,0,241431288.2,289543
2021/2/1,5230,0,0,0,88001739.07,277008
2021/2/2,4967,0,0,0,89134289.95,260312
2021/2/3,4496,0,0,0,90345117.15,237398
2021/2/4,4572,0,0,0,89912785.94,242252
2021/2/5,4675,0,0,0,61903171.31,254132
2021/2/6,4918,0,0,0,61040770.52,271848
2021/2/7,5001,0,0,0,77034521.59,279466
2021/2/8,5343,0,0,0,82098347.24,297319
2021/2/9,5712,0,0,0,85200221.11,319445
2021/2/10,6040,0,0,0,88667179.89,335286
2021/2/11,5679,0,0,1,84967423.9,318104
2021/2/12,5125,0,0,2,77338559.73,281980
2021/2/13,4466,0,0,3,74378994.03,252403
2021/2/14,4057,0,0,4,48062988.49,236610
2021/2/15,3596,0,0,5,37239203.07,218457
2021/2/16,3203,0,0,6,31397309.92,205738
2021/2/17,3137,0,0,7,24044709.07,220676
2021/2/18,3562,0,0,6,25265123.84,254235
2021/2/19,4139,0,0,5,27055770.03,294951
2021/2/20,4699,0,0,4,28380860.09,331504
2021/2/21,5308,0,0,3,29795028.93,378619
2021/2/22,5844,0,0,2,31886176.46,419128
2021/2/23,6228,0,0,1,33612749.88,452179
2021/2/24,6423,0,0,0,58473751.56,462382
2021/2/25,6869,0,0,0,60884711.82,485991
2021/2/26,7417,0,0,0,165037875.5,514243
2021/2/27,8196,0,0,0,165869003.7,542631
2021/2/28,8851,0,0,0,169247082.0,559770
2021/3/1,9049,0,0,0,167940800.6,577808
2021/3/2,9223,0,0,0,169041355.5,590858
2021/3/3,9276,0,0,0,149206816.1,608052
2021/3/4,9295,0,0,0,152584865.5,616153
2021/3/5,9366,0,0,0,54228350.23,629799
2021/3/6,9009,0,0,0,54942299.36,618597
2021/3/7,8632,0,0,0,54514903.47,608446
2021/3/8,8593,0,0,0,62668762.71,598878
2021/3/9,8627,0,0,0,63529176.03,597496
2021/3/10,8658,0,0,0,62883166.73,594418
2021/3/11,8602,0,0,0,57110925.45,598007
2021/3/12,8535,0,0,0,54751680.05,605367
2021/3/13,8464,0,0,0,56289723.02,606984
2021/3/14,8523,0,0,0,58856112.42,614308
2021/3/15,8674,0,0,0,53491245.89,622015
2021/3/16,8874,0,0,0,52348972.86,670161
2021/3/17,9245,0,0,0,53551223.43,713958
2021/3/18,9559,0,0,0,54602271.82,759043
2021/3/19,9910,0,0,0,62600993.03,805014
2021/3/20,10376,0,0,0,63051238.63,854721
2021/3/21,10817,0,0,0,60752929.26,899053
2021/3/22,11039,0,0,0,62182616.26,945911
2021/3/23,11250,0,0,0,68057979.46,947775
2021/3/24,11299,0,0,0,72958730.81,956770
2021/3/25,11458,0,0,0,75417518.1,965736
2021/3/26,11545,0,0,0,71216809.08,967033
2021/3/27,11811,0,0,0,73886558.35,972919
2021/3/28,12164,0,0,0,76875915.94,971725
2021/3/29,12442,0,0,0,78536382.67,965283
2021/3/30,12893,0,0,0,78615305.8,960085
2021/3/31,13263,0,0,0,87164216.67,955067
2021/4/1,13247,0,0,0,88325958.04,945262
2021/4/2,13259,0,0,0,86824098.36,941373
2021/4/3,12937,0,0,1,85244361.38,928150
2021/4/4,12413,0,0,2,79557219.68,888876
2021/4/5,12455,0,0,3,78936041.88,893742
2021/4/6,11897,0,0,3,72498703.47,898153
2021/4/7,11334,0,0,3,54822761.94,889439
2021/4/8,11461,0,0,3,50749343.45,884206
2021/4/9,11301,0,1,3,52333282.21,872083
2021/4/10,11248,0,1,2,54277739.19,873448
2021/4/11,11424,0,1,1,57975657.74,911217
2021/4/12,11075,0,1,0,57692245.16,909351
2021/4/13,11243,0,1,0,60879487.39,910042
2021/4/14,11518,0,1,0,62742013.09,919700
2021/4/15,11940,0,1,0,65297449.21,925679
2021/4/16,12519,0,0,0,70369337.29,937484
2021/4/17,12151,0,0,0,68905389.89,947727
2021/4/18,10393,0,0,0,74917701.21,954361
2021/4/19,8977,0,0,0,74179736.67,958530
2021/4/20,7412,0,0,0,79478499.44,961564
2021/4/21,5820,0,0,0,80808244.92,965530
2021/4/22,3595,0,0,0,10453007811.0,970564
2021/4/23,1352,0,0,0,10459988274.0,969067
2021/4/24,131,0,0,0,10459696680.0,974326
2021/4/25,1035,0,0,0,10457220439.0,978101
2021/4/26,4259,0,0,0,10458672289.0,982013
2021/4/27,7325,0,0,0,10454247849.0,988925
2021/4/28,10697,0,0,0,10453768928.0,997169
2021/4/29,14357,0,0,0,82489776.35,1012648
2021/4/30,18388,0,0,0,73127546.36,1034842
2021/5/1,21991,0,0,1,73044551.01,1062405
2021/5/2,24434,0,0,2,69173273.8,1056538
2021/5/3,24843,0,0,3,67765136.63,1050748
2021/5/4,25819,1,0,4,68934676.44,1053702
2021/5/5,25574,1,0,5,71138663.06,1066932
2021/5/6,24677,1,0,5,82781962.98,1055144
2021/5/7,22870,1,0,5,78697657.56,1021674
2021/5/8,21671,1,0,4,79664209.17,986538
2021/5/9,20812,1,0,3,82513524.14,986517
2021/5/10,19475,1,0,2,90028086.22,993127
2021/5/11,17161,0,0,1,93265318.1,982703
2021/5/12,15978,0,0,0,92040836.69,940994
2021/5/13,15216,0,0,0,81782991.23,941715
2021/5/14,15794,0,0,0,83563285.96,959150
2021/5/15,16449,0,0,0,83441768.89,951325
2021/5/16,16339,0,0,0,80845019.91,953172
2021/5/17,16164,0,0,0,74155317.65,954664
2021/5/18,16695,0,0,0,68712831.36,952998
2021/5/19,16536,0,0,0,66340759.36,959385
2021/5/20,16577,0,0,0,1370372333.0,954284
2021/5/21,15718,0,0,0,1368472120.0,943097
2021/5/22,14480,0,0,0,1366657049.0,939239
2021/5/23,14511,0,0,0,1371539717.0,935396
2021/5/24,14320,0,0,0,1373590646.0,925221
2021/5/25,13992,0,0,0,1375430469.0,920040
2021/5/26,14447,0,0,0,1378057875.0,915650
2021/5/27,14343,0,0,0,71967372.33,906718
2021/5/28,14273,0,0,0,75073925.94,903007
2021/5/29,14563,0,0,0,76519817.81,908103
2021/5/30,14288,0,0,0,74845132.91,896972
2021/5/31,14428,0,0,0,74134069.08,877317
2021/6/1,13249,0,0,0,73875986.89,856520
2021/6/2,11036,0,0,0,72577432.53,849877
2021/6/3,9148,0,0,0,71719692.02,834477
2021/6/4,7330,0,0,0,68863118.41,821239
2021/6/5,5300,0,0,0,67369214.19,810091
2021/6/6,3228,0,0,0,64720750.46,802086
2021/6/7,1224,0,0,0,62601462.86,801233
2021/6/8,544,0,0,0,63991417.99,803407
2021/6/9,589,0,0,0,67515723.9,800534
2021/6/10,600,0,0,0,67427216.69,804067
2021/6/11,581,0,0,0,67829494.53,816192
2021/6/12,536,0,0,1,90865309.19,818968
2021/6/13,504,0,0,2,88557003.13,790249
2021/6/14,493,0,0,3,89387263.98,786728
2021/6/15,488,0,0,3,118924234.5,800752
2021/6/16,475,0,0,3,113855769.3,804388
2021/6/17,505,0,0,3,121651559.2,801630
2021/6/18,552,0,0,3,142065351.8,784821
2021/6/19,599,0,0,2,117733748.7,781480
2021/6/20,651,0,0,1,120275636.7,812125
2021/6/21,674,0,0,0,120102657.1,816963
2021/6/22,670,0,0,0,87433843.48,787893
2021/6/23,696,0,0,0,88499044.04,770474
2021/6/24,670,0,0,0,80414599.68,757478
2021/6/25,0,0,0,0,60368489.04,747012
2021/6/26,0,0,0,0,61716024.5,729257
2021/6/27,0,0,0,0,61644407.31,706154
2021/6/28,0,0,0,0,362442015.2,686663
2021/6/29,0,0,0,0,365118632.7,681438
2021/6/30,0,0,0,0,369397351.5,671471
2021/7/1,0,0,0,0,367550293.4,617799
2021/7/2,614,0,0,0,363491172.8,615356
2021/7/3,675,0,0,0,361912013.1,622489
2021/7/4,731,0,0,0,360903747.1,640521
2021/7/5,786,0,0,0,59045407.77,646774
2021/7/6,874,0,0,0,58000755.11,679731
2021/7/7,948,0,0,0,54474428.78,707192
2021/7/8,1025,0,0,0,57754601.88,776798
2021/7/9,1145,0,0,0,68963622.15,807057
2021/7/10,1202,0,0,0,83581472.78,833514
2021/7/11,1254,0,0,0,86641135.32,850130
2021/7/12,1320,0,0,0,86519980.61,839687
2021/7/13,1365,0,0,0,86385222.73,837905
2021/7/14,1371,0,0,0,87310089.1,846460
2021/7/15,1456,0,0,0,88202582.52,856221
2021/7/16,1550,0,0,0,88819197.81,850413
2021/7/17,1678,0,0,0,77748987.9,845238
2021/7/18,1768,0,0,0,77691696.26,846912
2021/7/19,1819,0,0,0,84603639.04,884450
2021/7/20,1867,0,0,0,87495590.02,890265
2021/7/21,1926,0,0,0,97060838.12,895478
2021/7/22,1951,0,0,0,119702245.7,908141
2021/7/23,1947,0,0,0,128243154.5,921801
2021/7/24,1837,0,0,0,126757436.0,939152
2021/7/25,1758,0,0,0,128060904.1,932535
2021/7/26,1704,0,0,0,122860097.4,935943
2021/7/27,1654,0,0,0,121651964.1,931134
2021/7/28,1603,0,0,0,138093963.5,922945
2021/7/29,1532,0,0,0,115231042.8,904195
2021/7/30,1433,0,0,0,96495895.93,881157
2021/7/31,1341,0,0,0,96456577.35,850920
2021/8/1,1260,0,0,0,101610117.4,825547
2021/8/2,1147,0,0,0,99109661.85,778074
2021/8/3,1052,0,0,0,94640560.69,724947
2021/8/4,957,0,0,0,63914899.77,662423
2021/8/5,867,0,0,0,59730508.04,591229
2021/8/6,802,0,0,0,55095481.39,519534
2021/8/7,735,0,0,0,60571766.71,454695
2021/8/8,665,0,0,0,47141681.25,396904
2021/8/9,620,0,0,0,44962432.41,345340
2021/8/10,564,0,0,0,41415729.05,304527
2021/8/11,519,0,0,0,42394484.8,274642
2021/8/12,462,0,0,0,40721974.9,252091
2021/8/13,437,0,0,0,43831067.89,238106
2021/8/14,404,0,0,0,34228849.68,227772
2021/8/15,398,0,0,0,32721138.25,225891
2021/8/16,393,0,0,0,32381914.38,231627
2021/8/17,385,0,0,0,32396932.34,237388
2021/8/18,379,0,0,0,33931146.33,242169
2021/8/19,380,0,0,0,34184919.28,248109
2021/8/20,395,0,0,0,31894916.48,258141
2021/8/21,718,0,0,0,29618557.72,260127
2021/8/22,814,0,0,0,30262680.67,262996
2021/8/23,849,0,0,0,3783262049.0,271262
2021/8/24,956,0,0,0,3786578557.0,284679
2021/8/25,1283,0,0,0,3786577363.0,302945
2021/8/26,1578,0,0,0,3789810409.0,325024
2021/8/27,1898,0,0,0,3873664439.0,346184
2021/8/28,2053,0,0,0,3878044799.0,366815
2021/8/29,2171,0,0,0,3880390167.0,387894
2021/8/30,2390,0,0,0,129095476.7,408115
2021/8/31,2443,0,0,0,287572032.9,427781
2021/9/1,2247,0,0,0,285939123.4,453587
2021/9/2,2064,0,0,0,284188730.6,479158
2021/9/3,1859,0,0,0,207613716.7,507170
2021/9/4,1497,0,0,0,206107775.0,530469
2021/9/5,1488,0,0,0,208676484.9,555512
2021/9/6,1314,0,0,0,209238770.2,583372
2021/9/7,1224,0,0,0,49462691.4,603308
2021/9/8,1183,0,0,0,51035580.5,611319
2021/9/9,1145,0,0,0,51258114.23,615237
2021/9/10,1083,0,0,0,55225471.08,613770
2021/9/11,1026,0,1,0,56787557.16,609203
2021/9/12,874,0,1,0,56682783.4,604383
2021/9/13,829,0,1,0,59843723.98,586709
2021/9/14,803,0,1,0,86014017.47,578632
2021/9/15,754,0,1,0,88468699.68,591183
2021/9/16,720,0,1,0,133345458.1,609265
2021/9/17,683,0,1,0,125587732.4,624012
2021/9/18,718,0,0,0,128681353.8,665116
2021/9/19,735,0,0,1,127721880.8,660658
2021/9/20,759,0,0,2,127920451.8,644383
2021/9/21,816,0,0,3,101682102.7,640155
2021/9/22,857,0,0,3,98685294.03,656604
2021/9/23,871,0,0,3,54823146.17,654184
2021/9/24,883,0,0,3,53344764.54,649091
2021/9/25,846,0,0,3,49846936.02,634669
2021/9/26,819,1,0,2,50539435.01,669491
2021/9/27,802,1,0,1,53802993.41,723143
2021/9/28,770,1,0,0,56560221.74,761401
2021/9/29,763,1,0,0,120630410.0,763588
2021/9/30,755,1,0,0,131617877.5,790782
2021/10/1,746,1,0,1,131905041.7,813394
2021/10/2,702,1,0,2,133302109.4,814074
2021/10/3,640,0,0,3,130330358.6,788400
2021/10/4,599,0,0,4,134127128.2,764527
2021/10/5,543,0,0,5,132844490.0,752555
2021/10/6,483,0,0,6,72115546.66,745748
2021/10/7,452,0,0,7,61089358.15,738923
2021/10/8,482,0,0,6,114803123.8,718950
2021/10/9,554,0,0,5,113888685.0,715329
2021/10/10,645,0,0,4,116643390.5,743615
2021/10/11,679,0,0,3,107328641.6,770734
2021/10/12,686,0,0,2,106768954.8,777508
2021/10/13,719,0,0,1,105635312.1,774567
2021/10/14,750,0,0,0,109951822.9,769523
2021/10/15,735,0,0,0,83569296.44,794736
2021/10/16,712,0,0,0,87603016.93,800729
2021/10/17,679,0,0,0,88822395.09,806597
2021/10/18,670,0,0,0,88608647.27,812733
2021/10/19,686,0,0,0,89027979.92,819930
2021/10/20,676,0,0,0,89584094.0,809941
2021/10/21,673,0,0,0,86311132.22,786723
2021/10/22,655,0,0,0,63432256.45,774436
2021/10/23,633,0,0,0,59443677.71,757771
2021/10/24,631,0,0,0,57280546.04,724349
2021/10/25,623,0,0,0,58399430.41,679566
2021/10/26,600,0,0,0,60816320.97,626590
2021/10/27,579,0,0,0,57255892.35,584176
2021/10/28,539,0,0,0,57138680.6,541709
2021/10/29,543,0,0,0,57309519.05,480011
2021/10/30,540,0,0,0,55562403.2,436494
2021/10/31,544,0,0,0,57004686.72,397049
2021/11/1,565,0,0,0,56002406.05,362624
2021/11/2,551,0,0,0,51507618.29,337902
2021/11/3,543,0,0,0,51345006.91,318623
2021/11/4,492,0,0,0,43274662.57,268919
